# This file is auto-generated by 'make timezone/aliases.txt'; DO NOT EDIT
Africa/Asmera=Africa/Nairobi
Africa/Timbuktu=Africa/Abidjan
America/Argentina/ComodRivadavia=America/Argentina/Catamarca
America/Atka=America/Adak
America/Buenos_Aires=America/Argentina/Buenos_Aires
America/Catamarca=America/Argentina/Catamarca
America/Coral_Harbour=America/Panama
America/Cordoba=America/Argentina/Cordoba
America/Ensenada=America/Tijuana
America/Fort_Wayne=America/Indiana/Indianapolis
America/Godthab=America/Nuuk
America/Indianapolis=America/Indiana/Indianapolis
America/Jujuy=America/Argentina/Jujuy
America/Knox_IN=America/Indiana/Knox
America/Kralendijk=America/Puerto_Rico
America/Louisville=America/Kentucky/Louisville
America/Lower_Princes=America/Puerto_Rico
America/Marigot=America/Puerto_Rico
America/Mendoza=America/Argentina/Mendoza
America/Montreal=America/Toronto
America/Nipigon=America/Toronto
America/Pangnirtung=America/Iqaluit
America/Porto_Acre=America/Rio_Branco
America/Rainy_River=America/Winnipeg
America/Rosario=America/Argentina/Cordoba
America/Santa_Isabel=America/Tijuana
America/Shiprock=America/Denver
America/St_Barthelemy=America/Puerto_Rico
America/Thunder_Bay=America/Toronto
America/Virgin=America/Puerto_Rico
America/Yellowknife=America/Edmonton
Antarctica/South_Pole=Pacific/Auckland
Arctic/Longyearbyen=Europe/Berlin
Asia/Ashkhabad=Asia/Ashgabat
Asia/Calcutta=Asia/Kolkata
Asia/Chongqing=Asia/Shanghai
Asia/Chungking=Asia/Shanghai
Asia/Dacca=Asia/Dhaka
Asia/Harbin=Asia/Shanghai
Asia/Istanbul=Europe/Istanbul
Asia/Kashgar=Asia/Urumqi
Asia/Katmandu=Asia/Kathmandu
Asia/Macao=Asia/Macau
Asia/Rangoon=Asia/Yangon
Asia/Saigon=Asia/Ho_Chi_Minh
Asia/Tel_Aviv=Asia/Jerusalem
Asia/Thimbu=Asia/Thimphu
Asia/Ujung_Pandang=Asia/Makassar
Asia/Ulan_Bator=Asia/Ulaanbaatar
Atlantic/Faeroe=Atlantic/Faroe
Atlantic/Jan_Mayen=Europe/Berlin
Australia/ACT=Australia/Sydney
Australia/Canberra=Australia/Sydney
Australia/Currie=Australia/Hobart
Australia/LHI=Australia/Lord_Howe
Australia/North=Australia/Darwin
Australia/NSW=Australia/Sydney
Australia/Queensland=Australia/Brisbane
Australia/South=Australia/Adelaide
Australia/Tasmania=Australia/Hobart
Australia/Victoria=Australia/Melbourne
Australia/West=Australia/Perth
Australia/Yancowinna=Australia/Broken_Hill
Brazil/Acre=America/Rio_Branco
Brazil/DeNoronha=America/Noronha
Brazil/East=America/Sao_Paulo
Brazil/West=America/Manaus
Canada/Atlantic=America/Halifax
Canada/Central=America/Winnipeg
Canada/Eastern=America/Toronto
Canada/Mountain=America/Edmonton
Canada/Newfoundland=America/St_Johns
Canada/Pacific=America/Vancouver
Canada/Saskatchewan=America/Regina
Canada/Yukon=America/Whitehorse
Chile/Continental=America/Santiago
Chile/EasterIsland=Pacific/Easter
Cuba=America/Havana
Egypt=Africa/Cairo
Eire=Europe/Dublin
Etc/GMT+0=Etc/GMT
Etc/GMT-0=Etc/GMT
Etc/GMT0=Etc/GMT
Etc/Greenwich=Etc/GMT
Etc/UCT=Etc/UTC
Etc/Universal=Etc/UTC
Etc/Zulu=Etc/UTC
Europe/Belfast=Europe/London
Europe/Bratislava=Europe/Prague
Europe/Busingen=Europe/Zurich
Europe/Kiev=Europe/Kyiv
Europe/Mariehamn=Europe/Helsinki
Europe/Nicosia=Asia/Nicosia
Europe/Podgorica=Europe/Belgrade
Europe/San_Marino=Europe/Rome
Europe/Tiraspol=Europe/Chisinau
Europe/Uzhgorod=Europe/Kyiv
Europe/Vatican=Europe/Rome
Europe/Zaporozhye=Europe/Kyiv
GB-Eire=Europe/London
GB=Europe/London
GMT+0=Etc/GMT
GMT-0=Etc/GMT
GMT0=Etc/GMT
GMT=Etc/GMT
Greenwich=Etc/GMT
Hongkong=Asia/Hong_Kong
Iceland=Africa/Abidjan
Iran=Asia/Tehran
Israel=Asia/Jerusalem
Jamaica=America/Jamaica
Japan=Asia/Tokyo
Kwajalein=Pacific/Kwajalein
Libya=Africa/Tripoli
Mexico/BajaNorte=America/Tijuana
Mexico/BajaSur=America/Mazatlan
Mexico/General=America/Mexico_City
Navajo=America/Denver
NZ-CHAT=Pacific/Chatham
NZ=Pacific/Auckland
Pacific/Enderbury=Pacific/Kanton
Pacific/Johnston=Pacific/Honolulu
Pacific/Ponape=Pacific/Guadalcanal
Pacific/Samoa=Pacific/Pago_Pago
Pacific/Truk=Pacific/Port_Moresby
Pacific/Yap=Pacific/Port_Moresby
Poland=Europe/Warsaw
Portugal=Europe/Lisbon
PRC=Asia/Shanghai
ROC=Asia/Taipei
ROK=Asia/Seoul
Singapore=Asia/Singapore
Turkey=Europe/Istanbul
UCT=Etc/UTC
Universal=Etc/UTC
US/Alaska=America/Anchorage
US/Aleutian=America/Adak
US/Arizona=America/Phoenix
US/Central=America/Chicago
US/Eastern=America/New_York
US/East-Indiana=America/Indiana/Indianapolis
US/Hawaii=Pacific/Honolulu
US/Indiana-Starke=America/Indiana/Knox
US/Michigan=America/Detroit
US/Mountain=America/Denver
US/Pacific=America/Los_Angeles
US/Samoa=Pacific/Pago_Pago
UTC=Etc/UTC
W-SU=Europe/Moscow
Zulu=Etc/UTC
